{"cameraMode":{"drawMode":0,"name":"Shaded","section":"Shading Mode"},"sceneLighting":true,"audioPlay":false,"sceneViewState":{"showFog":true,"showMaterialUpdate":false,"showSkybox":true,"showFlares":true,"showImageEffects":true,"showParticleSystems":true,"showVisualEffectGraphs":true,"m_FxEnabled":true},"in2DMode":false,"pivot":{"x":-17.554149627685548,"y":9.331025123596192,"z":1.6566479206085206},"rotation":{"x":0.2772337794303894,"y":0.10459613800048828,"z":-0.027272449806332589,"w":0.9546726942062378},"size":0.8660253882408142,"orthographic":false}