{"cameraMode":{"drawMode":0,"name":"Shaded","section":"Shading Mode"},"sceneLighting":false,"audioPlay":false,"sceneViewState":{"showFog":true,"showMaterialUpdate":false,"showSkybox":false,"showFlares":true,"showImageEffects":true,"showParticleSystems":true,"showVisualEffectGraphs":true,"m_FxEnabled":true},"in2DMode":false,"pivot":{"x":-14.267230987548829,"y":3.6454529762268068,"z":9.152080535888672},"rotation":{"x":0.16432572901248933,"y":-0.035920556634664538,"z":0.008985524997115136,"w":0.9856952428817749},"size":1.449965476989746,"orthographic":false}